Almonds,
Apple Cider Vinegar,
Apple,
Apricot,
Artichoke,
Asparagus,
Avocado,
Bacon,
Baking Powder,
Baking Soda,
Balsamic Vinegar,
Banana,
Chocolate,
Barbeque Sauce,
Basil,
Beef,
Beer,
Black Beans,
Blackberries,
Blueberries,
Bok Choy,
Broccoli,
Brown Sugar,
Brussels Sprouts,
Butter,
Cabbage,
Cantaloupe,
Carrot,
Cashews,
Cauliflower,
Celery,
Cheddar,
Cheese,
Cherries,
Chestnuts,
Chia Seeds,
Chicken,
Chickpeas,
Chili Powder,
Chives,
Cilantro,
Cinnamon,
Clams,
Coconut,
Cod,
Coffee,
Coriander,
Corn,
Cornmeal,
Cornstarch,
Couscous,
Crab,
Cranberries,
Cream Cheese,
Cream,
Cucumber,
Cumin,
Currants,
Dill,
Dragonfruit,
Duck,
Eggplant,
Eggs,
Endive,
Feta,
Figs,
Fish Sauce,
Flaxseeds,
Flour,
Garlic,
Ginger,
Gouda,
Grapefruit,
Grapes,
Green Beans,
Green Onions,
Guava,
Haddock,
Halibut,
Ham,
Hazelnuts,
Honey,
Horseradish,
Jalapeno,
Kale,
Kiwifruit,
Lamb,
Leeks,
Lemon Juice,
Lemon,
Lentils,
Lettuce,
Lime Juice,
Lime,
Lobster,
Mango,
Maple Syrup,
Margarine,
Mascarpone,
Melon,
Milk,
Mint,
Molasses,
Mozzarella,
Mung Beans,
Mushrooms,
Mussels,
Mustard Seeds,
Nectarines,
Nutmeg,
Oats,
Olive Oil,
Onion,
Orange Juice,
Orange,
Oregano,
Papaya,
Paprika,
Parmesan,
Parsley,
Pasta,
Peaches,
Peanuts,
Pear,
Pecans,
Pepper,
Pesto,
Pheasant,
Pineapple,
Pine Nuts,
Pistachios,
Plum,
Polenta,
Pomegranate,
Popcorn Kernels,
Pork,
Potato,
Pumpkin,
Quail,
Quinoa,
Radish,
Raisins,
Ranch,
Raspberries,
Red Cabbage,
Red Wine Vinegar,
Rhubarb,
Rice Vinegar,
Rice,
Ricotta,
Rosemary,
Rutabaga,
Saffron,
Sage,
Salmon,
Salsa,
Salt,
Scallops,
Sesame Seeds,
Shallots,
Shrimp,
Sour Cream,
Soy Sauce,
Spaghetti Squash,
Squid,
Sriracha Sauce,
Steak,
Strawberries,
Sugar,
Sunflower Seeds,
Sweet Potato,
Swiss Chard,
Tamarind,
Tarragon,
Thyme,
Tofu,
Tomatillo,
Tomato,
Tuna,
Turkey,
Turmeric,
Turnip,
Vanilla Extract,
Veal,
Vinegar,
Walnuts,
Watercress,
Watermelon,
White Sugar,
White Wine Vinegar,
Wine,
Worcestershire Sauce,
Yam,
Yeast,
Yogurt,
Zucchini,